<?xml version='1.0' encoding='UTF-8'?>
<?artifactRepository version='1.1.0'?>
<repository name='file:/Users/nathan.nam/AnypointStudio/workspace/google-translate-connector/target/update-site/ - artifacts' type='org.eclipse.equinox.p2.artifact.repository.simpleRepository' version='1'>
  <properties size='2'>
    <property name='p2.timestamp' value='1442269032436'/>
    <property name='p2.compressed' value='false'/>
  </properties>
  <mappings size='3'>
    <rule filter='(&amp; (classifier=osgi.bundle))' output='${repoUrl}/plugins/${id}_${version}.jar'/>
    <rule filter='(&amp; (classifier=binary))' output='${repoUrl}/binary/${id}_${version}'/>
    <rule filter='(&amp; (classifier=org.eclipse.update.feature))' output='${repoUrl}/features/${id}_${version}.jar'/>
  </mappings>
  <artifacts size='2'>
    <artifact classifier='org.eclipse.update.feature' id='org.mule.tooling.ui.extension.google-translate-connector.3.5.0' version='1.0.0.201509141517'>
      <properties size='4'>
        <property name='artifact.size' value='664'/>
        <property name='download.size' value='664'/>
        <property name='download.md5' value='f5d85be8929b3ff012ddaa1489ce3275'/>
        <property name='download.contentType' value='application/zip'/>
      </properties>
    </artifact>
    <artifact classifier='osgi.bundle' id='org.mule.tooling.ui.contribution.google-translate.3.5.0' version='1.0.0.201509141517'>
      <properties size='3'>
        <property name='artifact.size' value='318892'/>
        <property name='download.size' value='318892'/>
        <property name='download.md5' value='e55ae00a47de01b7a3ed1b8c94160490'/>
      </properties>
    </artifact>
  </artifacts>
</repository>
